INCIDENT_KEY,OCCUR_DATE,OCCUR_TIME,BORO,LOC_OF_OCCUR_DESC,PRECINCT,JURISDICTION_CODE,LOC_CLASSFCTN_DESC,LOCATION_DESC,STATISTICAL_MURDER_FLAG,PERP_AGE_GROUP,PERP_SEX,PERP_RACE,VIC_AGE_GROUP,VIC_SEX,VIC_RACE,X_COORD_CD,Y_COORD_CD,Latitude,Longitude,New Georeferenced Column
264689062,03/07/2023,21:32:00,MANHATTAN,INSIDE,30,0,DWELLING,MULTI DWELL - APT BUILD,Y,45-64,M,BLACK,25-44,M,BLACK,999923,241388,40.829217,-73.943363,POINT (-73.943363 40.829217)
261444577,01/04/2023,21:13:00,MANHATTAN,OUTSIDE,32,0,STREET,(null),N,25-44,M,BLACK,25-44,M,BLACK,1001562,239443,40.823875,-73.937448,POINT (-73.937448 40.823875)
264689064,03/07/2023,14:18:00,BROOKLYN,INSIDE,72,0,COMMERCIAL,GROCERY/BODEGA,N,<18,M,BLACK,18-24,M,BLACK,982942,177558,40.654033,-74.004711,POINT (-74.004711 40.654033)
265674098,03/25/2023,02:38:00,BRONX,OUTSIDE,48,0,STREET,(null),Y,(null),(null),(null),25-44,M,BLACK,1015450,247021,40.84463555,-73.88723401,POINT (-73.88723401 40.84463555)
261968807,01/13/2023,22:12:00,MANHATTAN,OUTSIDE,23,2,HOUSING,MULTI DWELL - PUBLIC HOUS,Y,(null),(null),(null),25-44,M,BLACK,997937,227357,40.79071,-73.950569,POINT (-73.950569 40.79071)
263399439,02/10/2023,16:55:00,BROOKLYN,OUTSIDE,60,0,COMMERCIAL,GROCERY/BODEGA,N,(null),(null),(null),18-24,M,WHITE,984503,148779,40.575042,-73.999086,POINT (-73.999086 40.575042)
265522984,03/22/2023,23:26:00,BRONX,OUTSIDE,44,0,STREET,(null),N,(null),(null),(null),18-24,M,WHITE HISPANIC,1010552,246556,40.84337521,-73.90493864,POINT (-73.90493864 40.84337521)
265643046,03/25/2023,03:00:00,QUEENS,OUTSIDE,105,0,STREET,(null),N,(null),(null),(null),18-24,F,BLACK,1051683,181831,40.66550398,-73.75693158,POINT (-73.75693158 40.66550398)
265187031,03/15/2023,16:53:00,BROOKLYN,OUTSIDE,73,0,COMMERCIAL,GROCERY/BODEGA,Y,<18,M,BLACK HISPANIC,<18,M,BLACK,1007301,184134,40.672053,-73.916899,POINT (-73.916899 40.672053)
263693794,02/15/2023,18:41:00,BROOKLYN,OUTSIDE,77,0,STREET,(null),N,(null),(null),(null),18-24,M,BLACK,1001088,183604,40.670612,-73.939299,POINT (-73.939299 40.670612)
264775620,03/09/2023,01:40:00,BRONX,OUTSIDE,52,0,STREET,(null),N,25-44,M,BLACK HISPANIC,25-44,M,BLACK HISPANIC,1013740,254095,40.864058,-73.89338,POINT (-73.89338 40.864058)
261964438,01/15/2023,23:23:00,BROOKLYN,OUTSIDE,81,0,STREET,(null),N,(null),(null),(null),25-44,M,BLACK,1002314,186877,40.67959248,-73.93487298,POINT (-73.93487298 40.67959248)
263357861,02/09/2023,14:30:00,MANHATTAN,OUTSIDE,7,0,STREET,(null),N,<18,M,BLACK,18-24,M,ASIAN / PACIFIC ISLANDER,986978,199303,40.713718,-73.990157,POINT (-73.990157 40.713718)
262205773,01/19/2023,11:31:00,MANHATTAN,OUTSIDE,26,0,STREET,(null),N,<18,M,BLACK HISPANIC,18-24,M,BLACK,996768,236361,40.815425,-73.954774,POINT (-73.954774 40.815425)
263558473,02/13/2023,18:57:00,BRONX,INSIDE,48,0,DWELLING,MULTI DWELL - APT BUILD,Y,(null),(null),(null),18-24,M,WHITE HISPANIC,1016118,250525,40.854253,-73.8848,POINT (-73.8848 40.854253)
265403527,03/20/2023,02:00:00,BROOKLYN,OUTSIDE,75,0,STREET,(null),N,(null),(null),(null),25-44,M,BLACK,1014095,178524,40.656636,-73.892433,POINT (-73.892433 40.656636)
264262260,02/26/2023,18:06:00,QUEENS,OUTSIDE,113,2,HOUSING,MULTI DWELL - PUBLIC HOUS,N,25-44,M,BLACK,25-44,F,BLACK,1044258,189029,40.685317,-73.78363,POINT (-73.78363 40.685317)
263429758,02/11/2023,02:32:00,QUEENS,OUTSIDE,114,0,STREET,(null),N,(null),(null),(null),18-24,M,BLACK,1006592,218612,40.766689,-73.919342,POINT (-73.919342 40.766689)
263692952,02/15/2023,17:20:00,BRONX,OUTSIDE,46,0,STREET,(null),Y,<18,M,BLACK,18-24,M,WHITE HISPANIC,1010638,248020,40.8473932,-73.90462205,POINT (-73.90462205 40.8473932)
263211696,02/07/2023,04:34:00,BRONX,OUTSIDE,43,0,STREET,(null),N,(null),(null),(null),18-24,M,ASIAN / PACIFIC ISLANDER,1018929,242358,40.831826,-73.87468,POINT (-73.87468 40.831826)
262145575,01/18/2023,16:49:00,QUEENS,OUTSIDE,105,0,STREET,(null),N,<18,M,BLACK,<18,F,BLACK,1054984,193094,40.696395,-73.744911,POINT (-73.744911 40.696395)
263065673,02/04/2023,19:48:00,MANHATTAN,OUTSIDE,28,0,STREET,(null),N,(null),(null),(null),25-44,M,BLACK,999073,230985,40.80066396,-73.94646071,POINT (-73.94646071 40.80066396)
263889115,02/18/2023,21:05:00,BROOKLYN,OUTSIDE,71,0,STREET,(null),N,18-24,M,BLACK,18-24,F,BLACK,995628,181599,40.665118,-73.958987,POINT (-73.958987 40.665118)
265124475,03/14/2023,09:49:00,MANHATTAN,OUTSIDE,20,0,STREET,COMMERCIAL BLDG,N,18-24,M,BLACK,<18,M,BLACK,988755,221899,40.775738,-73.983734,POINT (-73.983734 40.775738)
265354835,03/19/2023,23:48:00,BRONX,INSIDE,47,0,COMMERCIAL,GROCERY/BODEGA,N,(null),(null),(null),18-24,M,BLACK,1025687,268586,40.903785,-73.850098,POINT (-73.850098 40.903785)
263357365,02/07/2023,16:40:00,BROOKLYN,OUTSIDE,70,0,OTHER,(null),Y,(null),(null),(null),18-24,M,BLACK,998839,168942,40.630373,-73.947438,POINT (-73.947438 40.630373)
264940966,03/10/2023,19:55:00,QUEENS,OUTSIDE,109,0,STREET,(null),N,25-44,M,BLACK,25-44,M,WHITE,1029063,226839,40.78918313,-73.83816748,POINT (-73.83816748 40.78918313)
263503175,02/10/2023,14:29:00,BRONX,OUTSIDE,48,0,STREET,FAST FOOD,Y,25-44,M,WHITE HISPANIC,25-44,M,WHITE HISPANIC,1013973,247558,40.846117,-73.892569,POINT (-73.892569 40.846117)
265291114,03/17/2023,16:20:00,QUEENS,OUTSIDE,103,0,STREET,(null),N,(null),(null),(null),25-44,M,WHITE HISPANIC,1044674,197851,40.709526,-73.78205,POINT (-73.78205 40.709526)
261958837,01/15/2023,14:06:00,BROOKLYN,OUTSIDE,81,0,STREET,MULTI DWELL - APT BUILD,N,25-44,M,BLACK,25-44,M,BLACK,1002071,192097,40.693921,-73.935732,POINT (-73.935732 40.693921)
263692953,02/15/2023,06:00:00,QUEENS,OUTSIDE,110,0,DWELLING,PVT HOUSE,N,25-44,M,WHITE HISPANIC,25-44,M,WHITE HISPANIC,1025013,212350,40.749434,-73.852878,POINT (-73.852878 40.749434)
265584225,03/23/2023,18:42:00,BROOKLYN,OUTSIDE,73,0,STREET,(null),N,(null),(null),(null),25-44,M,BLACK,1009904,180751,40.662761,-73.907529,POINT (-73.907529 40.662761)
261843719,01/11/2023,21:15:00,QUEENS,INSIDE,104,0,DWELLING,MULTI DWELL - APT BUILD,Y,(null),(null),(null),18-24,F,WHITE HISPANIC,1010041,203018,40.723879,-73.906951,POINT (-73.906951 40.723879)
262268556,01/20/2023,10:20:00,QUEENS,OUTSIDE,100,0,STREET,(null),N,<18,M,BLACK,<18,M,BLACK,1035623,153051,40.586619,-73.815039,POINT (-73.815039 40.586619)
263482956,02/12/2023,01:13:00,MANHATTAN,OUTSIDE,33,0,OTHER,HOSPITAL,N,(null),(null),(null),25-44,M,BLACK,1000795,245489,40.840472,-73.940202,POINT (-73.940202 40.840472)
264689065,03/07/2023,20:07:00,BRONX,OUTSIDE,49,0,STREET,(null),N,(null),(null),(null),18-24,M,WHITE,1021301,252477,40.859588,-73.866056,POINT (-73.866056 40.859588)
263349965,02/09/2023,17:37:00,MANHATTAN,OUTSIDE,14,0,STREET,(null),Y,18-24,M,BLACK,18-24,M,BLACK,987341,215631,40.75853318,-73.98884266,POINT (-73.98884266 40.75853318)
264617699,03/05/2023,17:00:00,QUEENS,OUTSIDE,102,0,OTHER,HOSPITAL,N,(null),(null),(null),45-64,M,BLACK,1030953,194101,,,
265006011,03/11/2023,13:45:00,BROOKLYN,INSIDE,67,0,DWELLING,MULTI DWELL - APT BUILD,N,(null),(null),(null),25-44,F,BLACK,1002297,175828,40.649267,-73.934961,POINT (-73.934961 40.649267)
262747866,01/30/2023,22:50:00,BRONX,OUTSIDE,47,0,STREET,(null),N,25-44,M,BLACK,25-44,M,BLACK,1030896,263028,40.888503,-73.831295,POINT (-73.831295 40.888503)
265056548,03/13/2023,04:30:00,BRONX,OUTSIDE,43,0,STREET,(null),N,25-44,M,BLACK HISPANIC,25-44,M,WHITE HISPANIC,1017346,241610,40.829779,-73.880406,POINT (-73.880406 40.829779)
265744133,03/27/2023,11:08:00,BROOKLYN,OUTSIDE,88,2,HOUSING,MULTI DWELL - PUBLIC HOUS,N,(null),(null),(null),25-44,M,BLACK,989926,192765,40.695772,-73.979528,POINT (-73.979528 40.695772)
265354835,03/19/2023,23:48:00,BRONX,INSIDE,47,0,COMMERCIAL,GROCERY/BODEGA,Y,(null),(null),(null),18-24,M,BLACK,1025687,268586,40.903785,-73.850098,POINT (-73.850098 40.903785)
266069023,03/31/2023,22:25:00,QUEENS,OUTSIDE,114,0,STREET,(null),Y,(null),(null),(null),18-24,M,BLACK,1008816,219240,40.768408,-73.911311,POINT (-73.911311 40.768408)
261528414,01/07/2023,01:10:00,BRONX,OUTSIDE,44,0,STREET,(null),N,(null),(null),(null),18-24,M,BLACK HISPANIC,1008692,243109,40.83392,-73.911672,POINT (-73.911672 40.83392)
263503175,02/10/2023,14:29:00,BRONX,OUTSIDE,48,0,STREET,FAST FOOD,Y,45-64,M,WHITE HISPANIC,25-44,M,WHITE HISPANIC,1013973,247558,40.846117,-73.892569,POINT (-73.892569 40.846117)
265461076,03/21/2023,22:01:00,BRONX,OUTSIDE,41,0,STREET,(null),N,(null),(null),(null),25-44,M,BLACK,1013068,238404,40.82099248,-73.89588027,POINT (-73.89588027 40.82099248)
265246482,03/16/2023,22:08:00,BROOKLYN,OUTSIDE,77,0,STREET,(null),N,(null),(null),(null),25-44,M,BLACK,1003788,183567,40.670507,-73.929566,POINT (-73.929566 40.670507)
265673021,03/25/2023,14:52:00,STATEN ISLAND,OUTSIDE,120,0,STREET,MULTI DWELL - APT BUILD,Y,(null),(null),(null),25-44,M,BLACK,961577,163519,40.61547,-74.081663,POINT (-74.081663 40.61547)
262334289,01/21/2023,04:00:00,QUEENS,OUTSIDE,110,0,STREET,BAR/NIGHT CLUB,N,(null),(null),(null),25-44,F,BLACK,1016250,208615,40.739221,-73.884524,POINT (-73.884524 40.739221)
264206295,02/25/2023,00:55:00,BROOKLYN,INSIDE,75,2,HOUSING,MULTI DWELL - PUBLIC HOUS,N,(null),(null),(null),25-44,F,WHITE HISPANIC,1012777,182476,40.667487,-73.897168,POINT (-73.897168 40.667487)
263503175,02/10/2023,14:29:00,BRONX,OUTSIDE,48,0,STREET,FAST FOOD,Y,45-64,M,WHITE HISPANIC,18-24,M,BLACK,1013973,247558,40.846117,-73.892569,POINT (-73.892569 40.846117)
261307947,01/03/2023,01:47:00,BROOKLYN,OUTSIDE,67,0,STREET,(null),N,(null),(null),(null),25-44,M,BLACK,1007548,179060,40.658126,-73.916026,POINT (-73.916026 40.658126)
265124473,03/13/2023,23:00:00,MANHATTAN,INSIDE,23,0,HOUSING,MULTI DWELL - PUBLIC HOUS,N,18-24,M,WHITE HISPANIC,<18,F,WHITE HISPANIC,998746,230395,40.799045,-73.947642,POINT (-73.947642 40.799045)
261397465,01/04/2023,18:40:00,MANHATTAN,INSIDE,7,0,COMMERCIAL,SMALL MERCHANT,N,(null),(null),(null),25-44,M,WHITE HISPANIC,988292,201010,40.718403,-73.985418,POINT (-73.985418 40.718403)
264266620,02/25/2023,22:58:00,BRONX,OUTSIDE,44,0,DWELLING,MULTI DWELL - APT BUILD,Y,(null),(null),(null),25-44,M,BLACK,1007972,244066,40.83655,-73.914272,POINT (-73.914272 40.83655)
263211697,02/07/2023,22:25:00,BRONX,OUTSIDE,46,0,STREET,FAST FOOD,N,25-44,M,BLACK HISPANIC,18-24,M,WHITE HISPANIC,1011755,250279,,,
264417852,03/01/2023,12:50:00,BRONX,OUTSIDE,47,0,STREET,(null),N,25-44,M,BLACK,25-44,M,BLACK,1025439,258185,40.875237,-73.851061,POINT (-73.851061 40.875237)
265750629,03/27/2023,17:30:00,QUEENS,OUTSIDE,114,2,HOUSING,MULTI DWELL - PUBLIC HOUS,Y,(null),(null),(null),25-44,M,BLACK,1001899,221193,40.773785,-73.936279,POINT (-73.936279 40.773785)
263623274,02/14/2023,11:54:00,BROOKLYN,OUTSIDE,75,0,HOUSING,MULTI DWELL - PUBLIC HOUS,N,(null),(null),(null),<18,M,BLACK,1014300,184310,40.672515,-73.89167,POINT (-73.89167 40.672515)
262278067,01/21/2023,00:36:00,MANHATTAN,OUTSIDE,32,0,STREET,(null),N,25-44,M,BLACK,25-44,F,BLACK,999634,235961,40.814322,-73.94442,POINT (-73.94442 40.814322)
263065672,02/04/2023,17:30:00,BRONX,OUTSIDE,46,0,STREET,(null),N,25-44,M,BLACK,45-64,F,BLACK,1006371,250007,40.852859,-73.920037,POINT (-73.920037 40.852859)
265006012,03/12/2023,21:20:00,BROOKLYN,OUTSIDE,72,0,STREET,(null),N,25-44,M,WHITE HISPANIC,25-44,M,WHITE HISPANIC,979283,172293,40.639581,-74.017896,POINT (-74.017896 40.639581)
262278067,01/21/2023,00:36:00,MANHATTAN,OUTSIDE,32,0,STREET,(null),N,25-44,M,BLACK,25-44,M,BLACK,999634,235961,40.814322,-73.94442,POINT (-73.94442 40.814322)
263693795,02/15/2023,14:25:00,QUEENS,INSIDE,106,0,COMMERCIAL,GROCERY/BODEGA,N,25-44,M,BLACK,25-44,M,BLACK,1033051,185949,40.676929,-73.82406,POINT (-73.82406 40.676929)
265124476,03/14/2023,12:50:00,MANHATTAN,OUTSIDE,25,0,STREET,(null),N,(null),(null),(null),<18,M,BLACK,1001068,233533,40.80765394,-73.93924858,POINT (-73.93924858 40.80765394)
263399439,02/10/2023,16:55:00,BROOKLYN,OUTSIDE,60,0,COMMERCIAL,GROCERY/BODEGA,N,(null),(null),(null),25-44,M,BLACK,984503,148779,40.575042,-73.999086,POINT (-73.999086 40.575042)
263503175,02/10/2023,14:29:00,BRONX,OUTSIDE,48,0,STREET,FAST FOOD,Y,45-64,M,WHITE HISPANIC,45-64,M,BLACK,1013973,247558,40.846117,-73.892569,POINT (-73.892569 40.846117)
265522341,03/22/2023,14:34:00,BRONX,OUTSIDE,42,0,STREET,(null),N,18-24,M,WHITE HISPANIC,18-24,M,BLACK,1011721,242158,40.83130042,-73.90073162,POINT (-73.90073162 40.83130042)
265124474,03/14/2023,11:09:00,BROOKLYN,OUTSIDE,75,0,STREET,(null),N,25-44,M,BLACK,25-44,F,BLACK,1015443,180368,40.66169022,-73.88756851,POINT (-73.88756851 40.66169022)
262696073,01/29/2023,17:00:00,MANHATTAN,OUTSIDE,23,2,HOUSING,MULTI DWELL - PUBLIC HOUS,Y,(null),(null),(null),<18,M,BLACK,1001038,226536,40.78845,-73.939372,POINT (-73.939372 40.78845)
265403528,03/20/2023,21:48:00,BROOKLYN,OUTSIDE,79,0,STREET,(null),N,(null),(null),(null),25-44,M,BLACK,998237,187027,40.680013,-73.949571,POINT (-73.949571 40.680013)
265674098,03/25/2023,02:38:00,BRONX,OUTSIDE,48,0,STREET,(null),N,(null),(null),(null),25-44,M,BLACK,1015450,247021,40.84463555,-73.88723401,POINT (-73.88723401 40.84463555)
264617751,03/05/2023,16:10:00,QUEENS,OUTSIDE,114,2,HOUSING,MULTI DWELL - PUBLIC HOUS,N,(null),(null),(null),25-44,M,BLACK,1001899,221193,40.773785,-73.936279,POINT (-73.936279 40.773785)
263693795,02/15/2023,14:25:00,QUEENS,INSIDE,106,0,COMMERCIAL,GROCERY/BODEGA,N,25-44,M,BLACK,45-64,M,ASIAN / PACIFIC ISLANDER,1033051,185949,40.676929,-73.82406,POINT (-73.82406 40.676929)
264266619,02/26/2023,13:26:00,BRONX,OUTSIDE,48,0,STREET,(null),Y,(null),(null),(null),25-44,M,BLACK,1014182,250654,40.85461144,-73.89180071,POINT (-73.89180071 40.85461144)
264250138,02/25/2023,10:02:00,BRONX,OUTSIDE,42,0,STREET,(null),N,(null),(null),(null),25-44,M,BLACK,1014862,244458,40.837603,-73.889368,POINT (-73.889368 40.837603)
262067875,01/17/2023,20:48:00,QUEENS,OUTSIDE,101,0,STREET,(null),N,(null),(null),(null),45-64,F,BLACK,1053470,160236,40.606219,-73.75071,POINT (-73.75071 40.606219)
263623274,02/14/2023,11:54:00,BROOKLYN,OUTSIDE,75,0,HOUSING,MULTI DWELL - PUBLIC HOUS,N,(null),(null),(null),45-64,M,BLACK,1014300,184310,40.672515,-73.89167,POINT (-73.89167 40.672515)
261307948,01/03/2023,03:19:00,BROOKLYN,INSIDE,72,0,COMMERCIAL,BAR/NIGHT CLUB,N,25-44,M,WHITE HISPANIC,45-64,M,WHITE HISPANIC,982383,177997,40.655237,-74.006726,POINT (-74.006726 40.655237)
263503175,02/10/2023,14:29:00,BRONX,OUTSIDE,48,0,STREET,FAST FOOD,Y,45-64,M,WHITE HISPANIC,25-44,M,BLACK,1013973,247558,40.846117,-73.892569,POINT (-73.892569 40.846117)
262205775,01/19/2023,20:52:00,BRONX,OUTSIDE,41,0,STREET,(null),Y,18-24,M,BLACK,<18,M,BLACK,1012644,236957,40.817024,-73.897415,POINT (-73.897415 40.817024)
264689063,03/07/2023,01:56:00,BROOKLYN,INSIDE,66,0,DWELLING,MULTI DWELL - APT BUILD,N,25-44,M,WHITE HISPANIC,25-44,M,BLACK HISPANIC,982643,170318,40.634162,-74.005786,POINT (-74.005786 40.634162)
265403881,03/20/2023,22:45:00,BROOKLYN,INSIDE,61,2,HOUSING,MULTI DWELL - PUBLIC HOUS,Y,25-44,M,BLACK,25-44,M,WHITE,1001473,156122,40.595179,-73.937983,POINT (-73.937983 40.595179)
262334290,01/21/2023,22:23:00,BRONX,OUTSIDE,44,0,OTHER,MULTI DWELL - APT BUILD,N,(null),(null),(null),18-24,M,BLACK,1007674,242091,40.83113,-73.915354,POINT (-73.915354 40.83113)
261579694,01/08/2023,04:30:00,BRONX,OUTSIDE,49,0,HOUSING,MULTI DWELL - PUBLIC HOUS,N,(null),(null),(null),45-64,M,BLACK,1020230,256150,40.869676,-73.869907,POINT (-73.869907 40.869676)
261254613,01/02/2023,19:38:00,BRONX,OUTSIDE,52,0,STREET,(null),N,18-24,M,WHITE HISPANIC,25-44,F,WHITE HISPANIC,1012886,253829,40.86333,-73.896468,POINT (-73.896468 40.86333)
265681413,03/24/2023,22:30:00,QUEENS,OUTSIDE,109,0,STREET,(null),N,25-44,M,ASIAN / PACIFIC ISLANDER,25-44,M,ASIAN / PACIFIC ISLANDER,1029969,216851,40.761767,-73.834961,POINT (-73.834961 40.761767)
264616551,03/05/2023,18:22:00,BRONX,OUTSIDE,45,2,HOUSING,MULTI DWELL - PUBLIC HOUS,N,(null),(null),(null),25-44,F,BLACK,1033715,238256,40.820496,-73.821282,POINT (-73.821282 40.820496)
263839261,02/16/2023,23:55:00,STATEN ISLAND,INSIDE,120,0,DWELLING,MULTI DWELL - APT BUILD,Y,<18,M,BLACK HISPANIC,<18,M,BLACK HISPANIC,963050,167318,40.625903,-74.07637,POINT (-74.07637 40.625903)
265417230,03/21/2023,00:40:00,BRONX,OUTSIDE,41,0,STREET,(null),N,(null),(null),(null),25-44,M,BLACK,1012918,240579,40.826963,-73.896413,POINT (-73.896413 40.826963)
263068067,02/05/2023,01:34:00,BROOKLYN,OUTSIDE,67,0,STREET,(null),N,(null),(null),(null),25-44,M,BLACK,1007690,175668,40.648814,-73.915526,POINT (-73.915526 40.648814)
265744133,03/27/2023,11:08:00,BROOKLYN,OUTSIDE,88,2,HOUSING,MULTI DWELL - PUBLIC HOUS,Y,(null),(null),(null),25-44,M,BLACK,989926,192765,40.695772,-73.979528,POINT (-73.979528 40.695772)
263503175,02/10/2023,14:29:00,BRONX,OUTSIDE,48,0,STREET,FAST FOOD,N,45-64,M,WHITE HISPANIC,18-24,M,BLACK,1013973,247558,40.846117,-73.892569,POINT (-73.892569 40.846117)
261712054,01/10/2023,21:00:00,QUEENS,OUTSIDE,101,0,STREET,(null),N,(null),(null),(null),25-44,M,BLACK,1048790,156423,40.5957862,-73.76760259,POINT (-73.76760259 40.5957862)
262679246,01/28/2023,05:46:00,BRONX,OUTSIDE,44,0,STREET,MULTI DWELL - APT BUILD,N,(null),(null),(null),18-24,M,BLACK,1007072,239961,40.825285,-73.917538,POINT (-73.917538 40.825285)
265187651,03/15/2023,16:48:00,BROOKLYN,INSIDE,67,0,COMMERCIAL,RESTAURANT/DINER,N,(null),(null),(null),25-44,M,BLACK,1007072,176611,40.651406,-73.917753,POINT (-73.917753 40.651406)
262145578,01/18/2023,20:51:00,BRONX,INSIDE,47,0,DWELLING,PVT HOUSE,Y,(null),(null),(null),18-24,M,BLACK,1030239,264466,40.892454,-73.833662,POINT (-73.833662 40.892454)
263787046,02/17/2023,00:27:00,BROOKLYN,OUTSIDE,75,0,STREET,(null),N,25-44,M,BLACK,25-44,M,BLACK,1020019,186879,40.67954414,-73.87104034,POINT (-73.87104034 40.67954414)
263692951,02/15/2023,21:55:00,MANHATTAN,OUTSIDE,33,0,STREET,(null),Y,45-64,M,BLACK,25-44,M,ASIAN / PACIFIC ISLANDER,999318,245037,40.83923231,-73.94554424,POINT (-73.94554424 40.83923231)
265816883,03/28/2023,21:20:00,BROOKLYN,OUTSIDE,79,0,COMMERCIAL,RESTAURANT/DINER,N,18-24,M,BLACK,25-44,M,WHITE HISPANIC,1001031,188116,40.682997,-73.939495,POINT (-73.939495 40.682997)
264144075,02/23/2023,14:52:00,MANHATTAN,OUTSIDE,28,0,STREET,(null),Y,45-64,M,BLACK,45-64,M,BLACK,999409,233697,40.808109,-73.945238,POINT (-73.945238 40.808109)
263141403,02/06/2023,15:01:00,BROOKLYN,OUTSIDE,90,0,HOUSING,MULTI DWELL - PUBLIC HOUS,N,18-24,M,BLACK,<18,F,BLACK,1000575,198114,40.710442,-73.941114,POINT (-73.941114 40.710442)
263141402,02/06/2023,10:16:00,BROOKLYN,OUTSIDE,69,0,STREET,MULTI DWELL - APT BUILD,Y,(null),(null),(null),18-24,M,BLACK,1010541,175595,,,
263692952,02/15/2023,17:20:00,BRONX,OUTSIDE,46,0,STREET,(null),Y,18-24,M,BLACK,18-24,M,WHITE HISPANIC,1010638,248020,40.8473932,-73.90462205,POINT (-73.90462205 40.8473932)
265584225,03/23/2023,18:42:00,BROOKLYN,OUTSIDE,73,0,STREET,(null),N,(null),(null),(null),18-24,M,BLACK,1009904,180751,40.662761,-73.907529,POINT (-73.907529 40.662761)
263503175,02/10/2023,14:29:00,BRONX,OUTSIDE,48,0,STREET,FAST FOOD,Y,25-44,M,WHITE HISPANIC,25-44,M,BLACK,1013973,247558,40.846117,-73.892569,POINT (-73.892569 40.846117)
262270874,01/20/2023,22:25:00,MANHATTAN,INSIDE,5,2,HOUSING,MULTI DWELL - PUBLIC HOUS,N,25-44,M,BLACK,45-64,F,WHITE HISPANIC,987136,202242,40.721784,-73.989585,POINT (-73.989585 40.721784)
263429757,02/10/2023,23:25:00,BROOKLYN,INSIDE,88,0,(null),GROCERY/BODEGA,N,(null),(null),(null),45-64,M,WHITE HISPANIC,993569,191897,40.693387,-73.966393,POINT (-73.966393 40.693387)
261907312,01/13/2023,15:13:00,BRONX,INSIDE,42,0,STREET,(null),N,(null),(null),(null),18-24,M,BLACK HISPANIC,1014365,242623,40.832568,-73.891172,POINT (-73.891172 40.832568)
262051188,01/17/2023,18:23:00,BRONX,OUTSIDE,49,2,HOUSING,MULTI DWELL - PUBLIC HOUS,N,(null),(null),(null),25-44,M,BLACK HISPANIC,1024599,256713,40.871202,-73.854105,POINT (-73.854105 40.871202)
264657995,03/06/2023,16:44:00,BROOKLYN,OUTSIDE,75,0,STREET,(null),N,<18,M,BLACK HISPANIC,45-64,M,BLACK HISPANIC,1017703,182860,40.66852195,-73.87941026,POINT (-73.87941026 40.66852195)
265006011,03/11/2023,13:45:00,BROOKLYN,INSIDE,67,0,DWELLING,MULTI DWELL - APT BUILD,Y,(null),(null),(null),25-44,M,BLACK,1002297,175828,40.649267,-73.934961,POINT (-73.934961 40.649267)
262696074,01/29/2023,12:47:00,BROOKLYN,INSIDE,83,0,DWELLING,MULTI DWELL - APT BUILD,Y,25-44,M,BLACK,25-44,M,BLACK,1008352,189038,40.685512,-73.913093,POINT (-73.913093 40.685512)
265006013,03/11/2023,05:40:00,BROOKLYN,INSIDE,79,2,HOUSING,MULTI DWELL - PUBLIC HOUS,Y,25-44,M,BLACK,45-64,M,BLACK,998286,189884,40.687855,-73.949388,POINT (-73.949388 40.687855)
265339107,03/18/2023,15:45:00,MANHATTAN,OUTSIDE,32,0,STREET,(null),N,<18,M,BLACK,18-24,M,BLACK,997995,235238,40.812339,-73.950343,POINT (-73.950343 40.812339)
265125161,03/14/2023,22:19:00,BROOKLYN,OUTSIDE,71,0,VEHICLE,(null),N,(null),(null),(null),25-44,M,BLACK,997054,181094,40.66372862,-73.95384809,POINT (-73.95384809 40.66372862)
264366464,02/28/2023,02:06:00,MANHATTAN,INSIDE,32,0,DWELLING,MULTI DWELL - APT BUILD,Y,(null),(null),(null),25-44,M,BLACK,1000489,236574,40.816002,-73.941332,POINT (-73.941332 40.816002)
262334290,01/21/2023,22:23:00,BRONX,OUTSIDE,44,0,OTHER,MULTI DWELL - APT BUILD,Y,(null),(null),(null),25-44,M,BLACK,1007674,242091,40.83113,-73.915354,POINT (-73.915354 40.83113)
265246480,03/16/2023,16:22:00,BRONX,OUTSIDE,40,0,STREET,(null),N,(null),(null),(null),<18,M,BLACK,1005235,234883,40.8113504,-73.92419197,POINT (-73.92419197 40.8113504)
261337212,01/04/2023,03:02:00,MANHATTAN,OUTSIDE,25,0,STREET,(null),N,25-44,M,BLACK,25-44,M,BLACK,1000482,230365,40.798962,-73.941373,POINT (-73.941373 40.798962)
261643073,01/09/2023,22:00:00,BROOKLYN,OUTSIDE,73,0,STREET,(null),Y,25-44,M,BLACK,45-64,M,BLACK,1010862,178621,40.656911,-73.904087,POINT (-73.904087 40.656911)
261958836,01/15/2023,14:35:00,MANHATTAN,OUTSIDE,25,2,HOUSING,MULTI DWELL - PUBLIC HOUS,N,(null),(null),(null),25-44,M,BLACK,1001768,234797,40.811123,-73.936714,POINT (-73.936714 40.811123)
263399439,02/10/2023,16:55:00,BROOKLYN,OUTSIDE,60,0,COMMERCIAL,GROCERY/BODEGA,N,(null),(null),(null),<18,M,BLACK,984503,148779,40.575042,-73.999086,POINT (-73.999086 40.575042)
262067876,01/17/2023,03:09:00,BRONX,OUTSIDE,48,0,STREET,(null),N,18-24,M,BLACK,25-44,M,ASIAN / PACIFIC ISLANDER,1016391,249523,40.85149942,-73.88382097,POINT (-73.88382097 40.85149942)
265124477,03/13/2023,16:25:00,BROOKLYN,OUTSIDE,75,0,STREET,(null),N,(null),(null),(null),25-44,M,BLACK,1015216,180239,40.66133694,-73.8883873,POINT (-73.8883873 40.66133694)
265540891,02/07/2023,00:54:00,BROOKLYN,OUTSIDE,69,0,STREET,(null),N,(null),(null),(null),18-24,M,BLACK,1014522,169915,40.633002,-73.890935,POINT (-73.890935 40.633002)
262747863,01/30/2023,07:25:00,BRONX,OUTSIDE,41,0,STREET,(null),Y,25-44,M,WHITE HISPANIC,25-44,M,BLACK HISPANIC,1012238,239444,40.82384965,-73.89887473,POINT (-73.89887473 40.82384965)
263482955,02/12/2023,00:58:00,BROOKLYN,OUTSIDE,63,0,STREET,(null),N,(null),(null),(null),18-24,M,BLACK,1002301,166406,40.623406,-73.934972,POINT (-73.934972 40.623406)
263211697,02/07/2023,22:25:00,BRONX,OUTSIDE,46,0,STREET,FAST FOOD,N,18-24,M,BLACK HISPANIC,25-44,M,WHITE HISPANIC,1011755,250279,,,
263503175,02/10/2023,14:29:00,BRONX,OUTSIDE,48,0,STREET,FAST FOOD,N,45-64,M,WHITE HISPANIC,45-64,M,BLACK,1013973,247558,40.846117,-73.892569,POINT (-73.892569 40.846117)
265327272,03/18/2023,12:15:00,QUEENS,INSIDE,102,0,COMMERCIAL,SMALL MERCHANT,Y,(null),(null),(null),18-24,M,BLACK,1029080,192929,40.696109,-73.838332,POINT (-73.838332 40.696109)
265246481,03/16/2023,20:48:00,BROOKLYN,INSIDE,62,0,COMMERCIAL,GROCERY/BODEGA,N,(null),(null),(null),18-24,M,ASIAN / PACIFIC ISLANDER,990091,156542,40.596347,-73.978964,POINT (-73.978964 40.596347)
262270873,01/20/2023,13:28:00,BRONX,OUTSIDE,52,0,OTHER,MULTI DWELL - APT BUILD,N,25-44,M,WHITE HISPANIC,45-64,M,WHITE HISPANIC,1015428,255894,40.868991,-73.887271,POINT (-73.887271 40.868991)
266049108,03/31/2023,03:45:00,BRONX,OUTSIDE,42,0,STREET,(null),N,(null),(null),(null),25-44,M,BLACK HISPANIC,1007843,239931,40.82519916,-73.91475287,POINT (-73.91475287 40.82519916)
262334289,01/21/2023,04:00:00,QUEENS,OUTSIDE,110,0,STREET,BAR/NIGHT CLUB,Y,(null),(null),(null),25-44,F,BLACK,1016250,208615,40.739221,-73.884524,POINT (-73.884524 40.739221)
265630356,03/24/2023,20:15:00,BROOKLYN,OUTSIDE,81,0,STREET,(null),N,(null),(null),(null),18-24,M,BLACK,1008662,196789,40.70678339,-73.91195031,POINT (-73.91195031 40.70678339)
263211697,02/07/2023,22:25:00,BRONX,OUTSIDE,46,0,STREET,FAST FOOD,N,18-24,M,WHITE HISPANIC,25-44,M,WHITE HISPANIC,1011755,250279,,,
264144635,02/23/2023,20:57:00,BROOKLYN,OUTSIDE,84,0,STREET,(null),N,(null),(null),(null),18-24,M,BLACK,988688,193728,40.69841422,-73.98399494,POINT (-73.98399494 40.69841422)
263891838,02/18/2023,23:41:00,BRONX,OUTSIDE,49,0,STREET,(null),N,(null),(null),(null),18-24,M,BLACK,1021512,256053,40.869405,-73.865273,POINT (-73.865273 40.869405)
261779759,01/09/2023,19:17:00,QUEENS,OUTSIDE,109,0,STREET,(null),N,(null),(null),(null),25-44,M,BLACK,1029746,219336,40.768588,-73.83575,POINT (-73.83575 40.768588)
262015261,01/16/2023,09:50:00,QUEENS,OUTSIDE,103,0,DWELLING,MULTI DWELL - APT BUILD,N,(null),(null),(null),25-44,M,BLACK,1038779,192215,40.694097,-73.80336,POINT (-73.80336 40.694097)
261194183,01/01/2023,05:55:00,BRONX,OUTSIDE,47,0,STREET,MULTI DWELL - APT BUILD,N,25-44,M,BLACK,25-44,F,BLACK,1023283,264964,40.893855,-73.858817,POINT (-73.858817 40.893855)
265354835,03/19/2023,23:48:00,BRONX,INSIDE,47,0,COMMERCIAL,GROCERY/BODEGA,Y,(null),(null),(null),25-44,M,BLACK,1025687,268586,40.903785,-73.850098,POINT (-73.850098 40.903785)
264600808,03/04/2023,18:29:00,QUEENS,OUTSIDE,114,2,HOUSING,MULTI DWELL - PUBLIC HOUS,N,18-24,M,BLACK,18-24,M,BLACK,1001899,221193,40.773785,-73.936279,POINT (-73.936279 40.773785)
262210198,01/19/2023,19:45:00,BROOKLYN,OUTSIDE,73,0,OTHER,(null),N,(null),(null),(null),<18,M,BLACK,1007451,186237,40.67782385,-73.91635451,POINT (-73.91635451 40.67782385)
264417853,03/01/2023,19:00:00,BRONX,OUTSIDE,52,0,STREET,MULTI DWELL - APT BUILD,N,(null),(null),(null),<18,M,BLACK,1019142,259107,40.877795,-73.873827,POINT (-73.873827 40.877795)
261370748,01/04/2023,20:41:00,BROOKLYN,INSIDE,75,0,STREET,(null),N,(null),(null),(null),45-64,M,BLACK,1012151,179720,40.659923,-73.899435,POINT (-73.899435 40.659923)
263503175,02/10/2023,14:29:00,BRONX,OUTSIDE,48,0,STREET,FAST FOOD,N,45-64,M,WHITE HISPANIC,25-44,M,WHITE HISPANIC,1013973,247558,40.846117,-73.892569,POINT (-73.892569 40.846117)
262205775,01/19/2023,20:52:00,BRONX,OUTSIDE,41,0,STREET,(null),N,18-24,M,BLACK,<18,M,BLACK,1012644,236957,40.817024,-73.897415,POINT (-73.897415 40.817024)
262334290,01/21/2023,22:23:00,BRONX,OUTSIDE,44,0,OTHER,MULTI DWELL - APT BUILD,Y,(null),(null),(null),18-24,M,BLACK,1007674,242091,40.83113,-73.915354,POINT (-73.915354 40.83113)
265403526,03/20/2023,19:00:00,QUEENS,OUTSIDE,113,0,STREET,(null),N,18-24,M,BLACK,25-44,M,BLACK,1040100,189321,40.686146,-73.79862,POINT (-73.79862 40.686146)
263141403,02/06/2023,15:01:00,BROOKLYN,OUTSIDE,90,0,HOUSING,MULTI DWELL - PUBLIC HOUS,N,18-24,M,BLACK,18-24,M,BLACK,1000575,198114,40.710442,-73.941114,POINT (-73.941114 40.710442)
263290678,02/08/2023,14:02:00,BROOKLYN,OUTSIDE,90,0,STREET,(null),N,<18,M,BLACK,25-44,M,BLACK,1002330,195746,40.7039358,-73.93479149,POINT (-73.93479149 40.7039358)
261712055,01/10/2023,21:45:00,MANHATTAN,OUTSIDE,23,0,HOUSING,MULTI DWELL - PUBLIC HOUS,N,(null),(null),(null),25-44,M,WHITE HISPANIC,999579,228737,40.794494,-73.944636,POINT (-73.944636 40.794494)
262334289,01/21/2023,04:00:00,QUEENS,OUTSIDE,110,0,STREET,BAR/NIGHT CLUB,N,(null),(null),(null),18-24,M,BLACK,1016250,208615,40.739221,-73.884524,POINT (-73.884524 40.739221)
263018683,02/04/2023,00:00:00,BRONX,INSIDE,42,0,COMMERCIAL,GROCERY/BODEGA,N,<18,M,BLACK,<18,M,BLACK,1015391,244558,40.837878,-73.887459,POINT (-73.887459 40.837878)
261467498,01/05/2023,21:05:00,BROOKLYN,OUTSIDE,61,0,COMMERCIAL,LIQUOR STORE,Y,45-64,M,WHITE,25-44,M,WHITE,998473,152622,40.585577,-73.948792,POINT (-73.948792 40.585577)
263499885,02/11/2023,22:04:00,MANHATTAN,INSIDE,28,0,COMMERCIAL,GROCERY/BODEGA,Y,(null),(null),(null),25-44,M,BLACK,999788,233328,40.807094,-73.943873,POINT (-73.943873 40.807094)
262015262,01/16/2023,15:54:00,BROOKLYN,OUTSIDE,84,0,STREET,(null),Y,25-44,M,BLACK,25-44,M,BLACK,989963,188043,40.682811,-73.9794,POINT (-73.9794 40.682811)
265681414,03/25/2023,17:14:00,BROOKLYN,OUTSIDE,73,0,STREET,(null),N,(null),(null),(null),25-44,M,BLACK,1010049,183477,40.67024109,-73.90699864,POINT (-73.90699864 40.67024109)
265403525,03/20/2023,11:30:00,BROOKLYN,OUTSIDE,77,0,STREET,(null),Y,(null),(null),(null),25-44,M,BLACK,1004579,183837,40.671245,-73.926713,POINT (-73.926713 40.671245)
265354390,03/19/2023,01:48:00,BRONX,OUTSIDE,48,0,STREET,SOCIAL CLUB/POLICY LOCATI,Y,(null),(null),(null),18-24,M,WHITE HISPANIC,1015448,250935,40.855379,-73.88722,POINT (-73.88722 40.855379)
265339109,03/19/2023,02:14:00,BRONX,OUTSIDE,44,0,STREET,(null),N,18-24,M,BLACK,18-24,M,WHITE HISPANIC,1004343,243407,40.834751,-73.927388,POINT (-73.927388 40.834751)
262067877,01/17/2023,23:59:00,MANHATTAN,OUTSIDE,18,0,COMMERCIAL,SMALL MERCHANT,N,<18,M,BLACK,25-44,M,BLACK,987120,217093,40.762546,-73.989637,POINT (-73.989637 40.762546)
262443110,01/24/2023,22:58:00,BRONX,INSIDE,42,2,HOUSING,MULTI DWELL - PUBLIC HOUS,Y,25-44,M,BLACK,25-44,M,BLACK,1010158,242490,40.832218,-73.906377,POINT (-73.906377 40.832218)
262316278,01/21/2023,14:50:00,QUEENS,OUTSIDE,113,0,STREET,PVT HOUSE,N,18-24,M,BLACK,18-24,F,BLACK,1044786,187855,40.682091,-73.781735,POINT (-73.781735 40.682091)
264080895,02/22/2023,08:25:00,MANHATTAN,INSIDE,25,2,HOUSING,MULTI DWELL - PUBLIC HOUS,N,25-44,M,BLACK,25-44,F,WHITE HISPANIC,1002115,235058,40.811838,-73.935461,POINT (-73.935461 40.811838)
261528413,01/06/2023,22:57:00,BROOKLYN,OUTSIDE,63,2,HOUSING,MULTI DWELL - PUBLIC HOUS,N,(null),(null),(null),18-24,M,BLACK,1005706,170355,40.634238,-73.922695,POINT (-73.922695 40.634238)
265339108,03/18/2023,22:05:00,BROOKLYN,OUTSIDE,67,0,STREET,(null),N,(null),(null),(null),18-24,M,BLACK,998750,176748,40.65179719,-73.94774422,POINT (-73.94774422 40.65179719)
265354390,03/19/2023,01:48:00,BRONX,OUTSIDE,48,0,STREET,SOCIAL CLUB/POLICY LOCATI,N,(null),(null),(null),18-24,M,BLACK,1015448,250935,40.855379,-73.88722,POINT (-73.88722 40.855379)
265124472,03/14/2023,10:35:00,BROOKLYN,INSIDE,75,0,DWELLING,MULTI DWELL - APT BUILD,N,25-44,M,BLACK,25-44,M,BLACK,1012669,181000,40.663437,-73.897563,POINT (-73.897563 40.663437)
261964437,01/15/2023,17:13:00,BROOKLYN,INSIDE,67,0,DWELLING,(null),N,25-44,M,WHITE,65+,M,BLACK,1002902,178226,40.655847,-73.932776,POINT (-73.932776 40.655847)
264530498,03/03/2023,00:46:00,BRONX,OUTSIDE,46,0,OTHER,GAS STATION,N,(null),(null),(null),45-64,M,BLACK,1011431,247605,40.846253,-73.901755,POINT (-73.901755 40.846253)
265750631,03/27/2023,15:15:00,BROOKLYN,OUTSIDE,75,0,COMMERCIAL,GROCERY/BODEGA,N,(null),(null),(null),18-24,M,BLACK,1014841,182881,40.668591,-73.889724,POINT (-73.889724 40.668591)
263083846,02/03/2023,13:00:00,BROOKLYN,INSIDE,67,0,DWELLING,PVT HOUSE,Y,45-64,F,BLACK,45-64,M,BLACK,1003058,174701,40.646171,-73.932223,POINT (-73.932223 40.646171)
262679246,01/28/2023,05:46:00,BRONX,OUTSIDE,44,0,STREET,MULTI DWELL - APT BUILD,N,(null),(null),(null),<18,M,BLACK HISPANIC,1007072,239961,40.825285,-73.917538,POINT (-73.917538 40.825285)
263482952,02/11/2023,22:06:00,MANHATTAN,INSIDE,25,0,DWELLING,MULTI DWELL - APT BUILD,N,(null),(null),(null),25-44,F,BLACK HISPANIC,1002329,231920,40.803226,-73.934696,POINT (-73.934696 40.803226)
263503175,02/10/2023,14:29:00,BRONX,OUTSIDE,48,0,STREET,FAST FOOD,Y,25-44,M,WHITE HISPANIC,18-24,M,BLACK,1013973,247558,40.846117,-73.892569,POINT (-73.892569 40.846117)
263499886,02/11/2023,05:00:00,BRONX,OUTSIDE,43,0,STREET,(null),Y,(null),(null),(null),25-44,M,BLACK HISPANIC,1021951,244960,40.838955,-73.863746,POINT (-73.863746 40.838955)
263482953,02/11/2023,23:15:00,STATEN ISLAND,OUTSIDE,122,0,HOUSING,MULTI DWELL - PUBLIC HOUS,N,(null),(null),(null),18-24,M,BLACK,961968,156436,40.59603,-74.080232,POINT (-74.080232 40.59603)
262409423,01/24/2023,01:05:00,BROOKLYN,INSIDE,73,0,HOUSING,MULTI DWELL - PUBLIC HOUS,N,18-24,M,BLACK,25-44,M,BLACK,1009904,180751,40.662761,-73.907529,POINT (-73.907529 40.662761)
261204520,01/01/2023,06:47:00,BRONX,OUTSIDE,40,0,STREET,(null),N,18-24,M,BLACK,<18,M,BLACK,1005216,235339,40.812604,-73.924256,POINT (-73.924256 40.812604)
263481576,02/11/2023,21:40:00,BRONX,OUTSIDE,52,0,STREET,(null),N,(null),(null),(null),25-44,M,BLACK,1013182,255873,40.86894,-73.89539,POINT (-73.89539 40.86894)
262882569,02/01/2023,19:00:00,BROOKLYN,OUTSIDE,75,0,COMMERCIAL,COMMERCIAL BLDG,Y,(null),(null),(null),25-44,M,BLACK,1021156,185782,40.676531,-73.866944,POINT (-73.866944 40.676531)
264270201,02/26/2023,21:47:00,MANHATTAN,OUTSIDE,32,0,STREET,(null),N,(null),(null),(null),<18,M,BLACK,1001008,236583,40.81602546,-73.9394577,POINT (-73.9394577 40.81602546)
265744133,03/27/2023,11:08:00,BROOKLYN,OUTSIDE,88,2,HOUSING,MULTI DWELL - PUBLIC HOUS,N,(null),(null),(null),18-24,M,BLACK,989926,192765,40.695772,-73.979528,POINT (-73.979528 40.695772)
265246479,03/16/2023,14:22:00,STATEN ISLAND,OUTSIDE,121,0,STREET,(null),N,1028,M,BLACK,25-44,M,BLACK,942822,166353,,,
262067876,01/17/2023,03:09:00,BRONX,OUTSIDE,48,0,STREET,(null),N,<18,M,BLACK HISPANIC,25-44,M,ASIAN / PACIFIC ISLANDER,1016391,249523,40.85149942,-73.88382097,POINT (-73.88382097 40.85149942)
264747807,03/08/2023,18:10:00,MANHATTAN,INSIDE,25,0,DWELLING,MULTI DWELL - APT BUILD,N,25-44,F,WHITE,25-44,M,BLACK,1001487,232707,40.805388,-73.937736,POINT (-73.937736 40.805388)
264075661,02/22/2023,16:55:00,BRONX,OUTSIDE,44,0,STREET,(null),N,25-44,M,WHITE HISPANIC,25-44,M,WHITE HISPANIC,1004343,243407,40.834751,-73.927388,POINT (-73.927388 40.834751)
262067878,01/17/2023,15:00:00,BROOKLYN,OUTSIDE,69,0,STREET,(null),Y,25-44,M,BLACK,25-44,M,BLACK,1008697,171612,40.63768,-73.911914,POINT (-73.911914 40.63768)
262334288,01/21/2023,21:17:00,BROOKLYN,OUTSIDE,63,0,STREET,(null),N,(null),(null),(null),25-44,M,BLACK,1003231,167629,40.626762,-73.931618,POINT (-73.931618 40.626762)
265006009,03/12/2023,20:20:00,BROOKLYN,OUTSIDE,61,0,STREET,GROCERY/BODEGA,Y,(null),(null),(null),25-44,M,WHITE HISPANIC,999980,157975,40.600268,-73.943353,POINT (-73.943353 40.600268)
263503175,02/10/2023,14:29:00,BRONX,OUTSIDE,48,0,STREET,FAST FOOD,N,25-44,M,WHITE HISPANIC,25-44,M,WHITE HISPANIC,1013973,247558,40.846117,-73.892569,POINT (-73.892569 40.846117)
265303127,03/18/2023,02:40:00,BROOKLYN,INSIDE,75,2,HOUSING,MULTI DWELL - PUBLIC HOUS,N,18-24,M,BLACK,18-24,M,BLACK,1012375,181816,40.665678,-73.898617,POINT (-73.898617 40.665678)
261519678,01/06/2023,14:30:00,BROOKLYN,INSIDE,67,0,DWELLING,MULTI DWELL - APT BUILD,Y,(null),(null),(null),25-44,M,BLACK,1005656,181038,40.663561,-73.922839,POINT (-73.922839 40.663561)
264600807,03/03/2023,00:23:00,MANHATTAN,OUTSIDE,9,2,HOUSING,MULTI DWELL - PUBLIC HOUS,N,(null),(null),(null),18-24,M,BLACK,990468,202168,40.721581,-73.977567,POINT (-73.977567 40.721581)
264250139,02/26/2023,04:00:00,QUEENS,OUTSIDE,100,0,STREET,(null),N,(null),(null),(null),18-24,F,BLACK,1033851,152220,40.584346,-73.821423,POINT (-73.821423 40.584346)
263211697,02/07/2023,22:25:00,BRONX,OUTSIDE,46,0,STREET,FAST FOOD,N,18-24,M,BLACK HISPANIC,18-24,M,WHITE HISPANIC,1011755,250279,,,
263290678,02/08/2023,14:02:00,BROOKLYN,OUTSIDE,90,0,STREET,(null),N,<18,M,BLACK,<18,F,BLACK,1002330,195746,40.7039358,-73.93479149,POINT (-73.93479149 40.7039358)
261579695,01/08/2023,01:15:00,MANHATTAN,OUTSIDE,30,0,STREET,(null),N,(null),(null),(null),18-24,M,BLACK HISPANIC,995058,237522,40.81861203,-73.96095199,POINT (-73.96095199 40.81861203)
263444903,02/11/2023,04:26:00,QUEENS,INSIDE,107,2,HOUSING,MULTI DWELL - PUBLIC HOUS,N,(null),(null),(null),25-44,M,BLACK,1035601,207363,40.735693,-73.814705,POINT (-73.814705 40.735693)
265584227,03/23/2023,22:10:00,BRONX,OUTSIDE,47,0,COMMERCIAL,GROCERY/BODEGA,N,(null),(null),(null),25-44,M,BLACK,1023214,259205,40.878047,-73.859101,POINT (-73.859101 40.878047)
263211697,02/07/2023,22:25:00,BRONX,OUTSIDE,46,0,STREET,FAST FOOD,N,25-44,M,BLACK HISPANIC,25-44,M,WHITE HISPANIC,1011755,250279,,,
265006011,03/11/2023,13:45:00,BROOKLYN,INSIDE,67,0,DWELLING,MULTI DWELL - APT BUILD,N,(null),(null),(null),25-44,M,BLACK,1002297,175828,40.649267,-73.934961,POINT (-73.934961 40.649267)
263503175,02/10/2023,14:29:00,BRONX,OUTSIDE,48,0,STREET,FAST FOOD,Y,25-44,M,WHITE HISPANIC,45-64,M,BLACK,1013973,247558,40.846117,-73.892569,POINT (-73.892569 40.846117)
263290678,02/08/2023,14:02:00,BROOKLYN,OUTSIDE,90,0,STREET,(null),N,<18,M,BLACK,<18,M,BLACK HISPANIC,1002330,195746,40.7039358,-73.93479149,POINT (-73.93479149 40.7039358)
263189901,02/07/2023,09:00:00,BRONX,OUTSIDE,42,0,STREET,COMMERCIAL BLDG,Y,18-24,F,BLACK,25-44,M,BLACK,1009186,241383,40.829182,-73.909895,POINT (-73.909895 40.829182)
263018684,02/04/2023,04:08:00,QUEENS,INSIDE,101,0,DWELLING,(null),N,(null),(null),(null),18-24,M,BLACK,1051463,159247,40.603519,-73.757946,POINT (-73.757946 40.603519)
263891839,02/19/2023,02:30:00,BROOKLYN,OUTSIDE,83,0,STREET,(null),N,(null),(null),(null),25-44,M,BLACK,1007299,193937,40.698961,-73.916873,POINT (-73.916873 40.698961)
262334289,01/21/2023,04:00:00,QUEENS,OUTSIDE,110,0,STREET,BAR/NIGHT CLUB,Y,(null),(null),(null),18-24,M,BLACK,1016250,208615,40.739221,-73.884524,POINT (-73.884524 40.739221)
263078584,02/05/2023,09:40:00,QUEENS,OUTSIDE,113,0,STREET,(null),N,25-44,M,BLACK,25-44,M,BLACK,1052259,196054,40.70453831,-73.75471178,POINT (-73.75471178 40.70453831)
261948976,01/14/2023,18:20:00,MANHATTAN,OUTSIDE,24,2,HOUSING,MULTI DWELL - PUBLIC HOUS,N,18-24,M,BLACK,25-44,M,BLACK,993952,229422,40.796382,-73.964958,POINT (-73.964958 40.796382)
262747863,01/30/2023,07:25:00,BRONX,OUTSIDE,41,0,STREET,(null),Y,25-44,M,BLACK,25-44,M,BLACK HISPANIC,1012238,239444,40.82384965,-73.89887473,POINT (-73.89887473 40.82384965)
265006010,03/10/2023,15:16:00,BRONX,OUTSIDE,43,0,DWELLING,MULTI DWELL - APT BUILD,Y,(null),(null),(null),25-44,M,BLACK,1019590,243320,40.834463,-73.872288,POINT (-73.872288 40.834463)
264262260,02/26/2023,18:06:00,QUEENS,OUTSIDE,113,2,HOUSING,MULTI DWELL - PUBLIC HOUS,N,25-44,M,BLACK,25-44,M,BLACK,1044258,189029,40.685317,-73.78363,POINT (-73.78363 40.685317)
262334290,01/21/2023,22:23:00,BRONX,OUTSIDE,44,0,OTHER,MULTI DWELL - APT BUILD,N,(null),(null),(null),25-44,M,BLACK,1007674,242091,40.83113,-73.915354,POINT (-73.915354 40.83113)
262145575,01/18/2023,16:49:00,QUEENS,OUTSIDE,105,0,STREET,(null),N,<18,M,BLACK,<18,M,BLACK,1054984,193094,40.696395,-73.744911,POINT (-73.744911 40.696395)
263692952,02/15/2023,17:20:00,BRONX,OUTSIDE,46,0,STREET,(null),Y,<18,M,BLACK HISPANIC,18-24,M,WHITE HISPANIC,1010638,248020,40.8473932,-73.90462205,POINT (-73.90462205 40.8473932)
265304929,03/18/2023,05:25:00,QUEENS,OUTSIDE,102,0,DWELLING,(null),N,45-64,M,WHITE HISPANIC,45-64,M,WHITE HISPANIC,1025247,191527,40.69228,-73.852163,POINT (-73.852163 40.69228)
263503175,02/10/2023,14:29:00,BRONX,OUTSIDE,48,0,STREET,FAST FOOD,N,25-44,M,WHITE HISPANIC,18-24,M,BLACK,1013973,247558,40.846117,-73.892569,POINT (-73.892569 40.846117)
264658458,03/06/2023,15:17:00,MANHATTAN,OUTSIDE,18,0,STREET,(null),N,(null),(null),(null),<18,M,BLACK,986131,218089,40.765282,-73.99321,POINT (-73.99321 40.765282)
261712056,01/10/2023,21:33:00,BROOKLYN,OUTSIDE,67,0,STREET,(null),Y,(null),(null),(null),25-44,M,BLACK,1005161,177009,40.65250076,-73.92463916,POINT (-73.92463916 40.65250076)
263950623,02/20/2023,23:30:00,BRONX,INSIDE,44,0,DWELLING,MULTI DWELL - APT BUILD,N,(null),(null),(null),25-44,M,BLACK,1009019,245895,40.841567,-73.910478,POINT (-73.910478 40.841567)
264319317,02/27/2023,08:16:00,BROOKLYN,INSIDE,75,0,DWELLING,MULTI DWELL - APT BUILD,N,(null),(null),(null),25-44,M,BLACK,1014450,179477,40.659248,-73.89115,POINT (-73.89115 40.659248)
263073499,02/04/2023,18:55:00,BROOKLYN,OUTSIDE,75,0,STREET,MULTI DWELL - APT BUILD,Y,25-44,M,BLACK,25-44,M,ASIAN / PACIFIC ISLANDER,1023026,183608,40.670555,-73.860214,POINT (-73.860214 40.670555)
266002888,03/31/2023,23:35:00,BROOKLYN,OUTSIDE,73,0,STREET,(null),N,(null),(null),(null),18-24,M,BLACK,1009318,178259,40.655923,-73.90965,POINT (-73.90965 40.655923)
264530499,03/03/2023,10:31:00,BROOKLYN,OUTSIDE,71,0,STREET,(null),N,(null),(null),(null),25-44,M,BLACK,997965,179779,40.66011787,-73.95056707,POINT (-73.95056707 40.66011787)
262145574,01/18/2023,16:05:00,BRONX,OUTSIDE,41,0,STREET,MULTI DWELL - APT BUILD,N,25-44,M,BLACK,25-44,M,BLACK,1015347,236359,40.815372,-73.887653,POINT (-73.887653 40.815372)
263503175,02/10/2023,14:29:00,BRONX,OUTSIDE,48,0,STREET,FAST FOOD,N,45-64,M,WHITE HISPANIC,25-44,M,BLACK,1013973,247558,40.846117,-73.892569,POINT (-73.892569 40.846117)
264600809,03/04/2023,18:25:00,MANHATTAN,OUTSIDE,33,0,STREET,(null),N,(null),(null),(null),25-44,M,BLACK HISPANIC,1001247,247436,40.845816,-73.938566,POINT (-73.938566 40.845816)
265750630,03/27/2023,22:11:00,MANHATTAN,OUTSIDE,28,0,HOUSING,MULTI DWELL - PUBLIC HOUS,N,(null),(null),(null),<18,M,BLACK,997345,232114,40.803768,-73.952699,POINT (-73.952699 40.803768)
265966828,03/31/2023,02:18:00,QUEENS,OUTSIDE,114,2,HOUSING,MULTI DWELL - PUBLIC HOUS,N,(null),(null),(null),18-24,M,BLACK,1009077,214329,40.754926,-73.910388,POINT (-73.910388 40.754926)
261543381,01/07/2023,07:10:00,BROOKLYN,OUTSIDE,73,0,STREET,(null),N,(null),(null),(null),25-44,F,BLACK,1007009,183496,40.670304,-73.917957,POINT (-73.917957 40.670304)
263357363,02/09/2023,09:25:00,BROOKLYN,INSIDE,76,2,HOUSING,MULTI DWELL - PUBLIC HOUS,Y,(null),(null),(null),45-64,M,BLACK HISPANIC,982802,184804,40.673924,-74.005219,POINT (-74.005219 40.673924)
263482954,02/12/2023,03:30:00,BRONX,OUTSIDE,45,0,STREET,BAR/NIGHT CLUB,N,(null),(null),(null),18-24,F,BLACK,1027663,245832,40.841322,-73.843099,POINT (-73.843099 40.841322)
261948977,01/14/2023,16:30:00,MANHATTAN,OUTSIDE,20,2,HOUSING,MULTI DWELL - PUBLIC HOUS,N,18-24,M,BLACK,18-24,M,BLACK HISPANIC,987541,220634,40.772266,-73.988116,POINT (-73.988116 40.772266)
262316278,01/21/2023,14:50:00,QUEENS,OUTSIDE,113,0,STREET,PVT HOUSE,N,18-24,M,BLACK,18-24,M,BLACK,1044786,187855,40.682091,-73.781735,POINT (-73.781735 40.682091)
262443110,01/24/2023,22:58:00,BRONX,INSIDE,42,2,HOUSING,MULTI DWELL - PUBLIC HOUS,Y,18-24,M,BLACK,25-44,M,BLACK,1010158,242490,40.832218,-73.906377,POINT (-73.906377 40.832218)
265354835,03/19/2023,23:48:00,BRONX,INSIDE,47,0,COMMERCIAL,GROCERY/BODEGA,N,(null),(null),(null),25-44,M,BLACK,1025687,268586,40.903785,-73.850098,POINT (-73.850098 40.903785)
261579696,01/08/2023,03:52:00,QUEENS,OUTSIDE,106,0,STREET,(null),N,25-44,M,BLACK,25-44,M,BLACK,1035301,190515,40.689451,-73.815915,POINT (-73.815915 40.689451)
263401452,02/10/2023,16:24:00,QUEENS,OUTSIDE,114,2,HOUSING,MULTI DWELL - PUBLIC HOUS,N,(null),(null),(null),25-44,M,BLACK,1002692,220879,40.772921,-73.933414,POINT (-73.933414 40.772921)
263891837,02/18/2023,21:10:00,MANHATTAN,OUTSIDE,23,0,STREET,MULTI DWELL - APT BUILD,N,25-44,M,WHITE HISPANIC,25-44,M,BLACK,1000776,227613,40.791406,-73.940318,POINT (-73.940318 40.791406)
262699985,01/29/2023,19:01:00,MANHATTAN,OUTSIDE,26,0,HOUSING,MULTI DWELL - PUBLIC HOUS,N,(null),(null),(null),<18,M,BLACK,995545,236005,40.81445,-73.959195,POINT (-73.959195 40.81445)
264658457,03/06/2023,21:25:00,BROOKLYN,OUTSIDE,75,0,STREET,(null),N,(null),(null),(null),25-44,M,BLACK,1017536,180899,40.66314008,-73.88002193,POINT (-73.88002193 40.66314008)
265354390,03/19/2023,01:48:00,BRONX,OUTSIDE,48,0,STREET,SOCIAL CLUB/POLICY LOCATI,N,(null),(null),(null),18-24,M,WHITE HISPANIC,1015448,250935,40.855379,-73.88722,POINT (-73.88722 40.855379)
265005885,03/12/2023,18:13:00,BRONX,OUTSIDE,42,0,STREET,(null),N,(null),(null),(null),25-44,M,WHITE HISPANIC,1015164,243709,40.835548,-73.888282,POINT (-73.888282 40.835548)
265681415,03/25/2023,14:07:00,BROOKLYN,OUTSIDE,75,0,STREET,(null),N,(null),(null),(null),18-24,M,BLACK,1013046,183111,40.66922726,-73.89619649,POINT (-73.89619649 40.66922726)
264657997,03/06/2023,21:13:00,BRONX,OUTSIDE,47,0,STREET,MULTI DWELL - APT BUILD,N,(null),(null),(null),25-44,M,BLACK,1023888,266681,40.898562,-73.856618,POINT (-73.856618 40.898562)
262328362,01/22/2023,14:14:00,BRONX,OUTSIDE,46,0,STREET,(null),N,25-44,M,BLACK,25-44,M,BLACK HISPANIC,1007938,250692,40.854737,-73.914371,POINT (-73.914371 40.854737)
262334288,01/21/2023,21:17:00,BROOKLYN,OUTSIDE,63,0,STREET,(null),Y,(null),(null),(null),25-44,M,BLACK,1003231,167629,40.626762,-73.931618,POINT (-73.931618 40.626762)
262586366,01/26/2023,18:23:00,BROOKLYN,OUTSIDE,69,0,STREET,(null),N,25-44,M,BLACK,25-44,M,BLACK,1011203,174514,40.645639,-73.902874,POINT (-73.902874 40.645639)
263503175,02/10/2023,14:29:00,BRONX,OUTSIDE,48,0,STREET,FAST FOOD,N,25-44,M,WHITE HISPANIC,45-64,M,BLACK,1013973,247558,40.846117,-73.892569,POINT (-73.892569 40.846117)
263211697,02/07/2023,22:25:00,BRONX,OUTSIDE,46,0,STREET,FAST FOOD,N,18-24,M,WHITE HISPANIC,18-24,M,WHITE HISPANIC,1011755,250279,,,
262318300,01/21/2023,17:52:00,BRONX,OUTSIDE,43,0,VEHICLE,(null),N,<18,M,WHITE HISPANIC,<18,M,BLACK,1017372,238522,40.82130126,-73.88032931,POINT (-73.88032931 40.82130126)
263429756,02/10/2023,18:20:00,QUEENS,OUTSIDE,103,0,STREET,(null),N,(null),(null),(null),18-24,M,ASIAN / PACIFIC ISLANDER,1045929,197772,40.709302,-73.777523,POINT (-73.777523 40.709302)
262747864,01/30/2023,02:10:00,MANHATTAN,OUTSIDE,34,0,STREET,(null),N,(null),(null),(null),25-44,M,BLACK,1006242,255488,40.867904,-73.920484,POINT (-73.920484 40.867904)
263692953,02/15/2023,06:00:00,QUEENS,OUTSIDE,110,0,DWELLING,PVT HOUSE,N,25-44,M,BLACK HISPANIC,25-44,M,WHITE HISPANIC,1025013,212350,40.749434,-73.852878,POINT (-73.852878 40.749434)
262145579,01/18/2023,22:18:00,QUEENS,OUTSIDE,115,0,STREET,(null),N,(null),(null),(null),25-44,M,WHITE HISPANIC,1017696,213763,40.753346,-73.87928,POINT (-73.87928 40.753346)
265354390,03/19/2023,01:48:00,BRONX,OUTSIDE,48,0,STREET,SOCIAL CLUB/POLICY LOCATI,Y,(null),(null),(null),18-24,M,BLACK,1015448,250935,40.855379,-73.88722,POINT (-73.88722 40.855379)
264206295,02/25/2023,00:55:00,BROOKLYN,INSIDE,75,2,HOUSING,MULTI DWELL - PUBLIC HOUS,N,(null),(null),(null),25-44,F,BLACK,1012777,182476,40.667487,-73.897168,POINT (-73.897168 40.667487)
261437903,01/05/2023,15:51:00,BROOKLYN,OUTSIDE,73,0,STREET,(null),N,<18,M,BLACK,<18,M,BLACK,1007941,179784,40.660111,-73.914608,POINT (-73.914608 40.660111)
262395464,01/23/2023,11:50:00,MANHATTAN,OUTSIDE,25,0,STREET,(null),N,(null),(null),(null),25-44,M,BLACK,1000558,231080,,,
265124476,03/14/2023,12:50:00,MANHATTAN,OUTSIDE,25,0,STREET,(null),N,(null),(null),(null),25-44,M,ASIAN / PACIFIC ISLANDER,1001068,233533,40.80765394,-73.93924858,POINT (-73.93924858 40.80765394)
263529053,02/13/2023,00:35:00,STATEN ISLAND,OUTSIDE,121,0,STREET,FAST FOOD,N,18-24,M,WHITE,25-44,M,BLACK,943240,167018,40.625009,-74.147734,POINT (-74.147734 40.625009)
265350047,03/19/2023,12:30:00,QUEENS,OUTSIDE,111,0,STREET,(null),N,(null),(null),(null),45-64,F,ASIAN / PACIFIC ISLANDER,1053802,212617,40.749988,-73.748972,POINT (-73.748972 40.749988)
265730084,03/27/2023,08:15:00,BRONX,OUTSIDE,40,0,HOUSING,MULTI DWELL - PUBLIC HOUS,N,(null),(null),(null),25-44,M,WHITE HISPANIC,1010515,236824,40.816666,-73.905107,POINT (-73.905107 40.816666)
262673445,01/29/2023,04:30:00,BRONX,OUTSIDE,48,0,STREET,(null),N,(null),(null),(null),18-24,M,WHITE HISPANIC,1012510,249959,40.852712,-73.897846,POINT (-73.897846 40.852712)
264075661,02/22/2023,16:55:00,BRONX,OUTSIDE,44,0,STREET,(null),N,25-44,M,WHITE HISPANIC,18-24,M,WHITE HISPANIC,1004343,243407,40.834751,-73.927388,POINT (-73.927388 40.834751)
264250139,02/26/2023,04:00:00,QUEENS,OUTSIDE,100,0,STREET,(null),N,(null),(null),(null),25-44,M,BLACK,1033851,152220,40.584346,-73.821423,POINT (-73.821423 40.584346)
265006011,03/11/2023,13:45:00,BROOKLYN,INSIDE,67,0,DWELLING,MULTI DWELL - APT BUILD,Y,(null),(null),(null),25-44,F,BLACK,1002297,175828,40.649267,-73.934961,POINT (-73.934961 40.649267)
265584227,03/23/2023,22:10:00,BRONX,OUTSIDE,47,0,COMMERCIAL,GROCERY/BODEGA,N,(null),(null),(null),25-44,M,BLACK HISPANIC,1023214,259205,40.878047,-73.859101,POINT (-73.859101 40.878047)
265698001,03/26/2023,21:04:00,MANHATTAN,OUTSIDE,32,2,HOUSING,MULTI DWELL - PUBLIC HOUS,Y,18-24,M,BLACK,18-24,M,BLACK,998922,235604,40.813343,-73.946995,POINT (-73.946995 40.813343)
265303128,03/18/2023,03:45:00,QUEENS,OUTSIDE,102,0,OTHER,HOSPITAL,N,(null),(null),(null),25-44,M,BLACK,1030953,194101,,,
264657996,03/06/2023,19:50:00,BROOKLYN,OUTSIDE,81,0,STREET,(null),N,25-44,M,BLACK,25-44,M,BLACK,986638,193879,40.69883,-73.991388,POINT (-73.991388 40.69883)
262747865,01/30/2023,18:25:00,BROOKLYN,OUTSIDE,62,0,STREET,(null),N,(null),(null),(null),25-44,M,WHITE,990307,159870,40.605481,-73.978186,POINT (-73.978186 40.605481)
262067875,01/17/2023,20:48:00,QUEENS,OUTSIDE,101,0,STREET,(null),N,(null),(null),(null),25-44,F,BLACK,1053470,160236,40.606219,-73.75071,POINT (-73.75071 40.606219)
263189901,02/07/2023,09:00:00,BRONX,OUTSIDE,42,0,STREET,COMMERCIAL BLDG,Y,25-44,M,BLACK,25-44,M,BLACK,1009186,241383,40.829182,-73.909895,POINT (-73.909895 40.829182)
262145576,01/18/2023,22:50:00,QUEENS,OUTSIDE,114,0,HOUSING,MULTI DWELL - PUBLIC HOUS,N,(null),(null),(null),25-44,M,BLACK HISPANIC,1002576,221583,40.774853,-73.933831,POINT (-73.933831 40.774853)
262699984,01/29/2023,23:50:00,BROOKLYN,OUTSIDE,84,0,HOUSING,MULTI DWELL - PUBLIC HOUS,N,(null),(null),(null),45-64,M,BLACK,988740,194815,40.701399,-73.983806,POINT (-73.983806 40.701399)
264775620,03/09/2023,01:40:00,BRONX,OUTSIDE,52,0,STREET,(null),N,25-44,M,WHITE HISPANIC,25-44,M,BLACK HISPANIC,1013740,254095,40.864058,-73.89338,POINT (-73.89338 40.864058)
263078583,02/05/2023,14:00:00,BROOKLYN,INSIDE,72,0,COMMERCIAL,JEWELRY STORE,N,45-64,M,WHITE HISPANIC,18-24,M,WHITE,981629,174612,40.645947,-74.009444,POINT (-74.009444 40.645947)
262808152,01/31/2023,21:15:00,BROOKLYN,INSIDE,73,0,DWELLING,MULTI DWELL - APT BUILD,N,<18,M,BLACK,<18,M,BLACK,1008949,180854,40.663046,-73.910971,POINT (-73.910971 40.663046)
263503175,02/10/2023,14:29:00,BRONX,OUTSIDE,48,0,STREET,FAST FOOD,N,25-44,M,WHITE HISPANIC,25-44,M,BLACK,1013973,247558,40.846117,-73.892569,POINT (-73.892569 40.846117)
265744133,03/27/2023,11:08:00,BROOKLYN,OUTSIDE,88,2,HOUSING,MULTI DWELL - PUBLIC HOUS,Y,(null),(null),(null),18-24,M,BLACK,989926,192765,40.695772,-73.979528,POINT (-73.979528 40.695772)
262673444,01/28/2023,01:03:00,MANHATTAN,INSIDE,5,1,TRANSIT,(null),N,25-44,M,WHITE HISPANIC,25-44,M,BLACK,983728,201372,40.71939629,-74.00188311,POINT (-74.00188311 40.71939629)
265618360,03/24/2023,13:30:00,BRONX,OUTSIDE,44,0,STREET,(null),N,18-24,M,WHITE HISPANIC,25-44,M,WHITE HISPANIC,1009486,243711,40.83557,-73.9088,POINT (-73.9088 40.83557)
265988196,03/31/2023,15:30:00,BROOKLYN,INSIDE,75,0,DWELLING,MULTI DWELL - APT BUILD,N,(null),(null),(null),<18,M,BLACK,1013181,183137,40.669299,-73.895709,POINT (-73.895709 40.669299)
262882569,02/01/2023,19:00:00,BROOKLYN,OUTSIDE,75,0,COMMERCIAL,COMMERCIAL BLDG,N,(null),(null),(null),25-44,M,BLACK,1021156,185782,40.676531,-73.866944,POINT (-73.866944 40.676531)
264617752,03/03/2023,23:20:00,MANHATTAN,INSIDE,19,0,COMMERCIAL,GROCERY/BODEGA,Y,25-44,M,BLACK,65+,M,ASIAN / PACIFIC ISLANDER,996654,221680,40.775129,-73.955214,POINT (-73.955214 40.775129)
264689064,03/07/2023,14:18:00,BROOKLYN,INSIDE,72,0,COMMERCIAL,GROCERY/BODEGA,N,18-24,M,BLACK,18-24,M,BLACK,982942,177558,40.654033,-74.004711,POINT (-74.004711 40.654033)
